{
  "version": "v20260316.222459",
  "seed": 42,
  "params": {
    "objective": "binary",
    "metric": "binary_logloss",
    "learning_rate": 0.02,
    "num_leaves": 63,
    "max_depth": 6,
    "min_child_samples": 45,
    "feature_fraction": 0.85,
    "feature_fraction_bynode": 0.75,
    "bagging_fraction": 0.8,
    "bagging_freq": 3,
    "lambda_l1": 0.1,
    "lambda_l2": 2.0,
    "min_gain_to_split": 0.0,
    "path_smooth": 2,
    "max_bin": 511,
    "is_unbalance": true,
    "seed": 42,
    "verbose": -1
  },
  "metrics": {
    "accuracy": 0.9541492989768852,
    "best_iteration": 836,
    "test_accuracy": 0.7302857142857143,
    "test_f1": 0.7342342342342343,
    "test_precision": 0.7350620067643743,
    "test_recall": 0.7334083239595051,
    "optimal_threshold": 0.4800000000000001,
    "threshold_utility_score": 0.7671847807170722,
    "buy_threshold": 0.56,
    "sell_threshold": 0.4000000000000001,
    "min_signal_confidence": 0.55,
    "strategy_gross_return": 732757.3677841178,
    "strategy_net_return": 155284.6880346178,
    "strategy_trade_rate": 0.8268571428571428,
    "strategy_win_rate": 0.769177608845888,
    "strategy_signal_accuracy": 0.769177608845888,
    "strategy_avg_trade_return": 0.008446156373006353,
    "strategy_profit_factor": 3.4983235414061467,
    "strategy_max_drawdown": 0.17972996617009418,
    "avg_buy_return": 0.00858887041068172,
    "avg_sell_return": 0.008298424260869828,
    "avg_abs_future_return": 0.01526133583891758
  },
  "saved_at": "2026-03-16T22:25:22.043054+00:00"
}