{
  "version": "v20260317.111205",
  "seed": 42,
  "params": {
    "objective": "binary",
    "metric": "binary_logloss",
    "learning_rate": 0.02,
    "num_leaves": 63,
    "max_depth": 6,
    "min_child_samples": 45,
    "feature_fraction": 0.85,
    "feature_fraction_bynode": 0.75,
    "bagging_fraction": 0.8,
    "bagging_freq": 3,
    "lambda_l1": 0.1,
    "lambda_l2": 2.0,
    "min_gain_to_split": 0.0,
    "path_smooth": 2,
    "max_bin": 511,
    "is_unbalance": true,
    "seed": 42,
    "verbose": -1
  },
  "metrics": {
    "accuracy": 0.9577995478522984,
    "best_iteration": 1104,
    "test_accuracy": 0.7402646502835539,
    "test_f1": 0.7543796925277083,
    "test_precision": 0.7235939643347051,
    "test_recall": 0.7879014189693802,
    "optimal_threshold": 0.45000000000000007,
    "threshold_utility_score": 0.7792055356153023,
    "buy_threshold": 0.56,
    "sell_threshold": 0.46000000000000013,
    "min_signal_confidence": 0.55,
    "strategy_gross_return": 7.0531038701069875,
    "strategy_net_return": 5.240686150531797,
    "strategy_trade_rate": 0.8865784499054821,
    "strategy_win_rate": 0.7624733475479745,
    "strategy_signal_accuracy": 0.7624733475479745,
    "strategy_avg_trade_return": 0.008253253726352506,
    "strategy_profit_factor": 3.547951018367067,
    "strategy_max_drawdown": 0.016374487663584653,
    "avg_buy_return": 0.008589088143004318,
    "avg_sell_return": 0.007925624194353519,
    "avg_abs_future_return": 0.01513622583247732
  },
  "saved_at": "2026-03-17T11:12:17.404622+00:00"
}