{
  "version": "v20260317.180118",
  "seed": 42,
  "params": {
    "objective": "binary",
    "metric": "binary_logloss",
    "learning_rate": 0.02,
    "num_leaves": 63,
    "max_depth": 6,
    "min_child_samples": 45,
    "feature_fraction": 0.85,
    "feature_fraction_bynode": 0.75,
    "bagging_fraction": 0.8,
    "bagging_freq": 3,
    "lambda_l1": 0.1,
    "lambda_l2": 2.0,
    "min_gain_to_split": 0.0,
    "path_smooth": 2,
    "max_bin": 511,
    "is_unbalance": true,
    "seed": 42,
    "verbose": -1
  },
  "metrics": {
    "accuracy": 0.9297397769516729,
    "best_iteration": 928,
    "test_accuracy": 0.7355464378963074,
    "test_f1": 0.7353490108249346,
    "test_precision": 0.7372754491017964,
    "test_recall": 0.7334326135517498,
    "optimal_threshold": 0.5000000000000001,
    "threshold_utility_score": 0.7752833510395152,
    "buy_threshold": 0.56,
    "sell_threshold": 0.46000000000000013,
    "min_signal_confidence": 0.55,
    "strategy_gross_return": 7.359412784088622,
    "strategy_net_return": 5.470442528327196,
    "strategy_trade_rate": 0.8873554643789631,
    "strategy_win_rate": 0.7616645649432535,
    "strategy_signal_accuracy": 0.7616645649432535,
    "strategy_avg_trade_return": 0.008537561764989631,
    "strategy_profit_factor": 3.501629015774505,
    "strategy_max_drawdown": 0.020168153327233106,
    "avg_buy_return": 0.008962896615793026,
    "avg_sell_return": 0.008127329638038054,
    "avg_abs_future_return": 0.01566875042601144
  },
  "saved_at": "2026-03-17T18:01:34.061017+00:00"
}