{
  "version": "v20260317.173416",
  "seed": 42,
  "params": {
    "objective": "binary",
    "metric": "binary_logloss",
    "learning_rate": 0.02,
    "num_leaves": 63,
    "max_depth": 6,
    "min_child_samples": 45,
    "feature_fraction": 0.85,
    "feature_fraction_bynode": 0.75,
    "bagging_fraction": 0.8,
    "bagging_freq": 3,
    "lambda_l1": 0.1,
    "lambda_l2": 2.0,
    "min_gain_to_split": 0.0,
    "path_smooth": 2,
    "max_bin": 511,
    "is_unbalance": true,
    "seed": 42,
    "verbose": -1
  },
  "metrics": {
    "accuracy": 0.9310474755086662,
    "best_iteration": 908,
    "test_accuracy": 0.7417769376181474,
    "test_f1": 0.7568529725881097,
    "test_precision": 0.7231292517006803,
    "test_recall": 0.7938760268857357,
    "optimal_threshold": 0.44000000000000006,
    "threshold_utility_score": 0.7807061914355435,
    "buy_threshold": 0.54,
    "sell_threshold": 0.4400000000000001,
    "min_signal_confidence": 0.55,
    "strategy_gross_return": 7.198699520651205,
    "strategy_net_return": 5.354362771479734,
    "strategy_trade_rate": 0.888468809073724,
    "strategy_win_rate": 0.7663829787234042,
    "strategy_signal_accuracy": 0.7663829787234042,
    "strategy_avg_trade_return": 0.008313997723626615,
    "strategy_profit_factor": 3.5515875650172246,
    "strategy_max_drawdown": 0.012397556965013492,
    "avg_buy_return": 0.008612930403054022,
    "avg_sell_return": 0.008015065044199209,
    "avg_abs_future_return": 0.01513622583247732
  },
  "saved_at": "2026-03-17T17:34:31.703979+00:00"
}