{
  "version": "v20260316.212954",
  "seed": 42,
  "params": {
    "objective": "binary",
    "metric": "binary_logloss",
    "learning_rate": 0.02,
    "num_leaves": 63,
    "max_depth": 6,
    "min_child_samples": 45,
    "feature_fraction": 0.85,
    "feature_fraction_bynode": 0.75,
    "bagging_fraction": 0.8,
    "bagging_freq": 3,
    "lambda_l1": 0.1,
    "lambda_l2": 2.0,
    "min_gain_to_split": 0.0,
    "path_smooth": 2,
    "max_bin": 511,
    "is_unbalance": true,
    "seed": 42,
    "verbose": -1
  },
  "metrics": {
    "accuracy": 0.9374763167866617,
    "best_iteration": 689,
    "test_accuracy": 0.7348571428571429,
    "test_f1": 0.7384441939120632,
    "test_precision": 0.7401129943502824,
    "test_recall": 0.7367829021372329,
    "optimal_threshold": 0.4800000000000001
  },
  "saved_at": "2026-03-16T21:30:00.860310+00:00"
}