{
  "version": "v20260316.221035",
  "seed": 42,
  "params": {
    "objective": "binary",
    "metric": "binary_logloss",
    "learning_rate": 0.02,
    "num_leaves": 63,
    "max_depth": 6,
    "min_child_samples": 45,
    "feature_fraction": 0.85,
    "feature_fraction_bynode": 0.75,
    "bagging_fraction": 0.8,
    "bagging_freq": 3,
    "lambda_l1": 0.1,
    "lambda_l2": 2.0,
    "min_gain_to_split": 0.0,
    "path_smooth": 2,
    "max_bin": 511,
    "is_unbalance": true,
    "seed": 42,
    "verbose": -1
  },
  "metrics": {
    "accuracy": 0.9266767715043577,
    "best_iteration": 615,
    "test_accuracy": 0.7371428571428571,
    "test_f1": 0.7353279631760644,
    "test_precision": 0.7526501766784452,
    "test_recall": 0.718785151856018,
    "optimal_threshold": 0.5000000000000001,
    "threshold_utility_score": 0.774819900583756
  },
  "saved_at": "2026-03-16T22:10:46.429607+00:00"
}