{
  "version": "v20260318.212711",
  "seed": 42,
  "params": {
    "objective": "binary",
    "metric": "binary_logloss",
    "learning_rate": 0.02,
    "num_leaves": 63,
    "max_depth": 6,
    "min_child_samples": 45,
    "feature_fraction": 0.85,
    "feature_fraction_bynode": 0.75,
    "bagging_fraction": 0.8,
    "bagging_freq": 3,
    "lambda_l1": 0.1,
    "lambda_l2": 2.0,
    "min_gain_to_split": 0.0,
    "path_smooth": 2,
    "max_bin": 511,
    "is_unbalance": true,
    "seed": 42,
    "verbose": -1
  },
  "metrics": {
    "accuracy": 0.9537794299876085,
    "best_iteration": 1170,
    "test_accuracy": 0.7377844088026856,
    "test_f1": 0.7233372687918143,
    "test_precision": 0.7671118530884808,
    "test_recall": 0.684288905435592,
    "optimal_threshold": 0.5500000000000002,
    "threshold_utility_score": 0.7781011788314418,
    "buy_threshold": 0.54,
    "sell_threshold": 0.4000000000000001,
    "min_signal_confidence": 0.55,
    "strategy_gross_return": 7.56893423710437,
    "strategy_net_return": 5.70574576702604,
    "strategy_trade_rate": 0.8541588959343529,
    "strategy_win_rate": 0.7755458515283843,
    "strategy_signal_accuracy": 0.7755458515283843,
    "strategy_avg_trade_return": 0.009033083692930018,
    "strategy_profit_factor": 3.7895043338064736,
    "strategy_max_drawdown": 0.01602816228537542,
    "avg_buy_return": 0.008900511798744647,
    "avg_sell_return": 0.009178524287466718,
    "avg_abs_future_return": 0.01566875042601144
  },
  "saved_at": "2026-03-18T21:27:38.615699+00:00"
}