{
  "version": "v20260317.134755",
  "seed": 42,
  "params": {
    "objective": "binary",
    "metric": "binary_logloss",
    "learning_rate": 0.02,
    "num_leaves": 63,
    "max_depth": 6,
    "min_child_samples": 45,
    "feature_fraction": 0.85,
    "feature_fraction_bynode": 0.75,
    "bagging_fraction": 0.8,
    "bagging_freq": 3,
    "lambda_l1": 0.1,
    "lambda_l2": 2.0,
    "min_gain_to_split": 0.0,
    "path_smooth": 2,
    "max_bin": 511,
    "is_unbalance": true,
    "seed": 42,
    "verbose": -1
  },
  "metrics": {
    "accuracy": 0.951417004048583,
    "best_iteration": 1055,
    "test_accuracy": 0.7420952380952381,
    "test_f1": 0.7438516836927733,
    "test_precision": 0.7475285171102661,
    "test_recall": 0.740210843373494,
    "optimal_threshold": 0.5000000000000001,
    "threshold_utility_score": 0.7813547518977971,
    "buy_threshold": 0.54,
    "sell_threshold": 0.4200000000000001,
    "min_signal_confidence": 0.55,
    "strategy_gross_return": 6.862229635357876,
    "strategy_net_return": 5.144749749200152,
    "strategy_trade_rate": 0.865904761904762,
    "strategy_win_rate": 0.77078750549934,
    "strategy_signal_accuracy": 0.77078750549934,
    "strategy_avg_trade_return": 0.008478673428535371,
    "strategy_profit_factor": 3.7038180517566923,
    "strategy_max_drawdown": 0.01399784973055586,
    "avg_buy_return": 0.008624883460522563,
    "avg_sell_return": 0.008323308684926476,
    "avg_abs_future_return": 0.015124256481958956
  },
  "saved_at": "2026-03-17T13:48:29.404532+00:00"
}