{
  "version": "v20260319.160020",
  "seed": 42,
  "params": {
    "objective": "binary",
    "metric": "binary_logloss",
    "learning_rate": 0.02,
    "num_leaves": 63,
    "max_depth": 6,
    "min_child_samples": 45,
    "feature_fraction": 0.85,
    "feature_fraction_bynode": 0.75,
    "bagging_fraction": 0.8,
    "bagging_freq": 3,
    "lambda_l1": 0.1,
    "lambda_l2": 2.0,
    "min_gain_to_split": 0.0,
    "path_smooth": 2,
    "max_bin": 511,
    "is_unbalance": true,
    "seed": 42,
    "verbose": -1
  },
  "metrics": {
    "accuracy": 0.9513460113608299,
    "best_iteration": 1122,
    "test_accuracy": 0.7420074349442379,
    "test_f1": 0.7465303140978816,
    "test_precision": 0.7400434467776973,
    "test_recall": 0.7531319086219602,
    "optimal_threshold": 0.4800000000000001,
    "threshold_utility_score": 0.7829324511306361,
    "buy_threshold": 0.54,
    "sell_threshold": 0.46000000000000013,
    "min_signal_confidence": 0.55,
    "strategy_gross_return": 7.9474929813649435,
    "strategy_net_return": 5.900377010439629,
    "strategy_trade_rate": 0.8951672862453531,
    "strategy_win_rate": 0.7637043189368771,
    "strategy_signal_accuracy": 0.7637043189368771,
    "strategy_avg_trade_return": 0.008658602163087769,
    "strategy_profit_factor": 3.5682535516485956,
    "strategy_max_drawdown": 0.018492816818998517,
    "avg_buy_return": 0.00917139670964023,
    "avg_sell_return": 0.008160086907757895,
    "avg_abs_future_return": 0.01568054893444919
  },
  "feature_set_version": "ef1222399a50",
  "feature_count": 86,
  "calibration_status": "not_reported",
  "explainability_mode": "shap_optional",
  "saved_at": "2026-03-19T16:00:33.537486+00:00"
}