{
  "version": "v20260316.222819",
  "seed": 42,
  "params": {
    "objective": "binary",
    "metric": "binary_logloss",
    "learning_rate": 0.02,
    "num_leaves": 63,
    "max_depth": 6,
    "min_child_samples": 45,
    "feature_fraction": 0.85,
    "feature_fraction_bynode": 0.75,
    "bagging_fraction": 0.8,
    "bagging_freq": 3,
    "lambda_l1": 0.1,
    "lambda_l2": 2.0,
    "min_gain_to_split": 0.0,
    "path_smooth": 2,
    "max_bin": 511,
    "is_unbalance": true,
    "seed": 42,
    "verbose": -1
  },
  "metrics": {
    "accuracy": 0.9408866995073891,
    "best_iteration": 723,
    "test_accuracy": 0.7325714285714285,
    "test_f1": 0.727906976744186,
    "test_precision": 0.753309265944645,
    "test_recall": 0.7041619797525309,
    "optimal_threshold": 0.5100000000000001,
    "threshold_utility_score": 0.7700256310424859,
    "buy_threshold": 0.54,
    "sell_threshold": 0.38000000000000006,
    "min_signal_confidence": 0.55,
    "strategy_gross_return": 6.0494068664864935,
    "strategy_net_return": 4.622774746799964,
    "strategy_trade_rate": 0.8022857142857143,
    "strategy_win_rate": 0.7756410256410257,
    "strategy_signal_accuracy": 0.7756410256410257,
    "strategy_avg_trade_return": 0.008665779195264954,
    "strategy_profit_factor": 3.603300895935477,
    "strategy_max_drawdown": 0.01962836602385775,
    "avg_buy_return": 0.008459490366255236,
    "avg_sell_return": 0.008896997187901224,
    "avg_abs_future_return": 0.015261336690054634
  },
  "saved_at": "2026-03-16T22:28:31.112497+00:00"
}