{
  "version": "v20260317.175905",
  "seed": 42,
  "params": {
    "objective": "binary",
    "metric": "binary_logloss",
    "learning_rate": 0.02,
    "num_leaves": 63,
    "max_depth": 6,
    "min_child_samples": 45,
    "feature_fraction": 0.85,
    "feature_fraction_bynode": 0.75,
    "bagging_fraction": 0.8,
    "bagging_freq": 3,
    "lambda_l1": 0.1,
    "lambda_l2": 2.0,
    "min_gain_to_split": 0.0,
    "path_smooth": 2,
    "max_bin": 511,
    "is_unbalance": true,
    "seed": 42,
    "verbose": -1
  },
  "metrics": {
    "accuracy": 0.9280049566294919,
    "best_iteration": 926,
    "test_accuracy": 0.7407683700111899,
    "test_f1": 0.7477313974591652,
    "test_precision": 0.7294617563739377,
    "test_recall": 0.766939687267312,
    "optimal_threshold": 0.4700000000000001,
    "threshold_utility_score": 0.7807365502095373,
    "buy_threshold": 0.56,
    "sell_threshold": 0.4400000000000001,
    "min_signal_confidence": 0.55,
    "strategy_gross_return": 7.433554600520665,
    "strategy_net_return": 5.5561337997852185,
    "strategy_trade_rate": 0.875419619544946,
    "strategy_win_rate": 0.7682147422241159,
    "strategy_signal_accuracy": 0.7682147422241159,
    "strategy_avg_trade_return": 0.008696028024658688,
    "strategy_profit_factor": 3.6067611196283025,
    "strategy_max_drawdown": 0.016028162285375493,
    "avg_buy_return": 0.009005482118969349,
    "avg_sell_return": 0.008394127944434738,
    "avg_abs_future_return": 0.01566875042601144
  },
  "saved_at": "2026-03-17T17:59:21.546279+00:00"
}